{
    "dataset": {
        "root_dir": "/raid/liuliu/RADIal/RADIal",
        "geometry":{
            "ranges": [512,896,1],
            "resolution": [0.201171875,0.2],
            "size": 3
        },
        "statistics":{
            "input_mean":[-2.6244e-03, -2.1335e-01,  1.8789e-02, -1.4427e+00, -3.7618e-01,
                1.3594e+00, -2.2987e-01,  1.2244e-01,  1.7359e+00, -6.5345e-01,
                3.7976e-01,  5.5521e+00,  7.7462e-01, -1.5589e+00, -7.2473e-01,
                1.5182e+00, -3.7189e-01, -8.8332e-02, -1.6194e-01,  1.0984e+00,
                9.9929e-01, -1.0495e+00,  1.9972e+00,  9.2869e-01,  1.8991e+00,
               -2.3772e-01,  2.0000e+00,  7.7737e-01,  1.3239e+00,  1.1817e+00,
               -6.9696e-01,  4.4288e-01],
            "input_std":[20775.3809, 23085.5000, 23017.6387, 14548.6357, 32133.5547, 28838.8047,
                27195.8945, 33103.7148, 32181.5273, 35022.1797, 31259.1895, 36684.6133,
                33552.9258, 25958.7539, 29532.6230, 32646.8984, 20728.3320, 23160.8828,
                23069.0449, 14915.9053, 32149.6172, 28958.5840, 27210.8652, 33005.6602,
                31905.9336, 35124.9180, 31258.4316, 31086.0273, 33628.5352, 25950.2363,
                29445.2598, 32885.7422],
            "img_mean":[0.485,0.456,0.406],
            "img_std":[0.229,0.224,0.225],
            "reg_mean":[0.20206645485161273,0.20040641940505916],
            "reg_std":[0.11574808937752726,0.12289423420883636]
        }
    },
    "subpixel":2

}
